Business Name,Link,Description,Phone Number
"Triple A (Argentina) - Wikipedia, la enciclopedia libre",https://es.wikipedia.org/wiki/Triple_A_(Argentina),"La Alianza Anticomunista Argentina (AAA), también conocida como Triple A, y en algunos casos mencionada como Alianza Antiimperialista Argentina o como Alianza ...",1973-1974
Asociación Argentina de Actores y Actrices – Defendemos los ...,https://actores.org.ar/,Institucional. La Asociación · Consejo Integral · Delegaciones · Comisión de género · Órgano fiscalizador · Obra Social de Actores · Documentos. Gestiones.,Phone number not found
"AAA - Wikipedia, la enciclopedia libre",https://es.wikipedia.org/wiki/AAA,"La Asociación Argentina de Astronomía, organización civil sin fines de lucro cuyo objetivo es promover el progreso de la astronomía en Argentina. En ...",224085
Asociación Argentina de Astronomía - Inicio,http://www.astronomiaargentina.org.ar/,"La Asociación Argentina de Astronomía es una organización civil sin fines de lucro cuyo objetivo es promover el progreso de la Astronomía, la Astrofísica y ...",2024 07
Alianza Anticomunista Argentina (AAA) - ANM DerHuman,https://catalogo.jus.gob.ar/index.php/alianza-anticomunista-argentina-aaa,Alianza Anticomunista Argentina (AAA) · Registro de autoridad · Alianza Anticomunista Argentina (AAA). Área de identidad ...,2024-11-13
Energizer MAX® Pilas AAA,https://energizer.lat/Argentina/product/energizer-max-pilas-aaa/,"Nuestra tecnología patentada Powerseal™ garantiza que tendrás energía en la que puedes confiar, tanto si estás capturando los primeros pasos del bebé, ...",Phone number not found
Asociación Argentina de Aeronavegantes,https://www.aeronavegantes.org.ar/,"La Asociación Argentina de Aeronavegantes, constituida el 1° de marzo de 1953, agrupaba en sus inicios a Comisarios y Auxiliares, Pilotos, Navegadores, ...",54) 11 4953-7274
Pilas Recargables Aaa | MercadoLibre,https://listado.mercadolibre.com.ar/pilas-recargables-aaa,"Sin más dilaciones, presentamos las pilas recargables AAA con capacidades que van desde los 1100 hasta los sorprendentes 1300 Mah. Estos pequeños titanes de ...",12-700 2
Pilas AAA alcalinas x 4 un,https://www.farmacity.com/pilas-aaa-alcalinas-x-4-un/p,Descripción: Las pilas Energizer® MAX® brindan energía confiable y de larga duración. Más Energía por mucho Más Tiempo brindando energía para todos esos ...,1 12345678910
